{
  "id": "3555416",
  "name": "2117",
  "font_family": "iconfont",
  "css_prefix_text": "icon-",
  "description": "",
  "glyphs": [
    {
      "icon_id": "10130772",
      "name": "可回收-布料类",
      "font_class": "kehuishou-buliaolei",
      "unicode": "e61d",
      "unicode_decimal": 58909
    },
    {
      "icon_id": "10130833",
      "name": "可回收-金属类",
      "font_class": "kehuishou-jinshulei",
      "unicode": "e61e",
      "unicode_decimal": 58910
    },
    {
      "icon_id": "10130836",
      "name": "可回收-玻璃类",
      "font_class": "kehuishou-bolilei",
      "unicode": "e61f",
      "unicode_decimal": 58911
    },
    {
      "icon_id": "10130844",
      "name": "可回收-塑料类",
      "font_class": "kehuishou-suliaolei",
      "unicode": "e620",
      "unicode_decimal": 58912
    },
    {
      "icon_id": "10130865",
      "name": "厨余垃圾",
      "font_class": "chuyulaji",
      "unicode": "e626",
      "unicode_decimal": 58918
    },
    {
      "icon_id": "10130868",
      "name": "可回收物",
      "font_class": "kehuishouwu",
      "unicode": "e627",
      "unicode_decimal": 58919
    },
    {
      "icon_id": "10135128",
      "name": "其他垃圾-宠物粪便",
      "font_class": "qitalaji-chongwufenbian",
      "unicode": "e630",
      "unicode_decimal": 58928
    },
    {
      "icon_id": "10135145",
      "name": "其他垃圾-一次性餐具",
      "font_class": "qitalaji-yicixingcanju",
      "unicode": "e631",
      "unicode_decimal": 58929
    },
    {
      "icon_id": "10135163",
      "name": "其他垃圾-女性卫生用品",
      "font_class": "qitalaji-nvxingweishengyongpin",
      "unicode": "e632",
      "unicode_decimal": 58930
    },
    {
      "icon_id": "10135167",
      "name": "其他垃圾-破旧陶瓷品",
      "font_class": "qitalaji-pojiutaocipin",
      "unicode": "e633",
      "unicode_decimal": 58931
    }
  ]
}
